s_m,x_m,y_m,heading_rad,curvature_1_m,left_width_m,right_width_m,left_x_m,left_y_m,right_x_m,right_y_m,elevation_m,grade
0,0,0,0,0,6,6,0,6,0,-6,0,0
0.5,0.5,0,0,0,6,6,0.5,6,0.5,-6,0,0
1,1,0,0,0,6,6,1,6,1,-6,0,0
1.5,1.5,0,0,0,6,6,1.5,6,1.5,-6,0,0
2,2,0,0,0,6,6,2,6,2,-6,0,0
2.5,2.5,0,0,0,6,6,2.5,6,2.5,-6,0,0
3,3,0,0,0,6,6,3,6,3,-6,0,0
3.5,3.5,0,0,0,6,6,3.5,6,3.5,-6,0,0
4,4,0,0,0,6,6,4,6,4,-6,0,0
4.5,4.5,0,0,0,6,6,4.5,6,4.5,-6,0,0
5,5,0,0,0,6,6,5,6,5,-6,0,0
5.5,5.5,0,0,0,6,6,5.5,6,5.5,-6,0,0
6,6,0,0,0,6,6,6,6,6,-6,0,0
6.5,6.5,0,0,0,6,6,6.5,6,6.5,-6,0,0
7,7,0,0,0,6,6,7,6,7,-6,0,0
7.5,7.5,0,0,0,6,6,7.5,6,7.5,-6,0,0
8,8,0,0,0,6,6,8,6,8,-6,0,0
8.5,8.5,0,0,0,6,6,8.5,6,8.5,-6,0,0
9,9,0,0,0,6,6,9,6,9,-6,0,0
9.5,9.5,0,0,0,6,6,9.5,6,9.5,-6,0,0
10,10,0,0,0,6,6,10,6,10,-6,0,0
10.5,10.5,0,0,0,6,6,10.5,6,10.5,-6,0,0
11,11,0,0,0,6,6,11,6,11,-6,0,0
11.5,11.5,0,0,0,6,6,11.5,6,11.5,-6,0,0
12,12,0,0,0,6,6,12,6,12,-6,0,0
12.5,12.5,0,0,0,6,6,12.5,6,12.5,-6,0,0
13,13,0,0,0,6,6,13,6,13,-6,0,0
13.5,13.5,0,0,0,6,6,13.5,6,13.5,-6,0,0
14,14,0,0,0,6,6,14,6,14,-6,0,0
14.5,14.5,0,0,0,6,6,14.5,6,14.5,-6,0,0
15,15,0,0,0,6,6,15,6,15,-6,0,0
15.5,15.5,0,0,0,6,6,15.5,6,15.5,-6,0,0
16,16,0,0,0,6,6,16,6,16,-6,0,0
16.5,16.5,0,0,0,6,6,16.5,6,16.5,-6,0,0
17,17,0,0,0,6,6,17,6,17,-6,0,0
17.5,17.5,0,0,0,6,6,17.5,6,17.5,-6,0,0
18,18,0,0,0,6,6,18,6,18,-6,0,0
18.5,18.5,0,0,0,6,6,18.5,6,18.5,-6,0,0
19,19,0,0,0,6,6,19,6,19,-6,0,0
19.5,19.5,0,0,0,6,6,19.5,6,19.5,-6,0,0
20,20,0,0,0,6,6,20,6,20,-6,0,0
20.5,20.5,0,0,0,6,6,20.5,6,20.5,-6,0,0
21,21,0,0,0,6,6,21,6,21,-6,0,0
21.5,21.5,0,0,0,6,6,21.5,6,21.5,-6,0,0
22,22,0,0,0,6,6,22,6,22,-6,0,0
22.5,22.5,0,0,0,6,6,22.5,6,22.5,-6,0,0
23,23,0,0,0,6,6,23,6,23,-6,0,0
23.5,23.5,0,0,0,6,6,23.5,6,23.5,-6,0,0
24,24,0,0,0,6,6,24,6,24,-6,0,0
24.5,24.5,0,0,0,6,6,24.5,6,24.5,-6,0,0
25,25,0,0,0,6,6,25,6,25,-6,0,0
25.5,25.5,0,0,0,6,6,25.5,6,25.5,-6,0,0
26,26,0,0,0,6,6,26,6,26,-6,0,0
26.5,26.5,0,0,0,6,6,26.5,6,26.5,-6,0,0
27,27,0,0,0,6,6,27,6,27,-6,0,0
27.5,27.5,0,0,0,6,6,27.5,6,27.5,-6,0,0
28,28,0,0,0,6,6,28,6,28,-6,0,0
28.5,28.5,0,0,0,6,6,28.5,6,28.5,-6,0,0
29,29,0,0,0,6,6,29,6,29,-6,0,0
29.5,29.5,0,0,0,6,6,29.5,6,29.5,-6,0,0
30,30,0,0,0,6,6,30,6,30,-6,0,0
30.5,30.5,0,0,0,6,6,30.5,6,30.5,-6,0,0
31,31,0,0,0,6,6,31,6,31,-6,0,0
31.5,31.5,0,0,0,6,6,31.5,6,31.5,-6,0,0
32,32,0,0,0,6,6,32,6,32,-6,0,0
32.5,32.5,0,0,0,6,6,32.5,6,32.5,-6,0,0
33,33,0,0,0,6,6,33,6,33,-6,0,0
33.5,33.5,0,0,0,6,6,33.5,6,33.5,-6,0,0
34,34,0,0,0,6,6,34,6,34,-6,0,0
34.5,34.5,0,0,0,6,6,34.5,6,34.5,-6,0,0
35,35,0,0,0,6,6,35,6,35,-6,0,0
35.5,35.5,0,0,0,6,6,35.5,6,35.5,-6,0,0
36,36,0,0,0,6,6,36,6,36,-6,0,0
36.5,36.5,0,0,0,6,6,36.5,6,36.5,-6,0,0
37,37,0,0,0,6,6,37,6,37,-6,0,0
37.5,37.5,0,0,0,6,6,37.5,6,37.5,-6,0,0
38,38,0,0,0,6,6,38,6,38,-6,0,0
38.5,38.5,0,0,0,6,6,38.5,6,38.5,-6,0,0
39,39,0,0,0,6,6,39,6,39,-6,0,0
39.5,39.5,0,0,0,6,6,39.5,6,39.5,-6,0,0
40,40,0,0,0,6,6,40,6,40,-6,0,0
40.5,40.5,0,0,0,6,6,40.5,6,40.5,-6,0,0
41,41,0,0,0,6,6,41,6,41,-6,0,0
41.5,41.5,0,0,0,6,6,41.5,6,41.5,-6,0,0
42,42,0,0,0,6,6,42,6,42,-6,0,0
42.5,42.5,0,0,0,6,6,42.5,6,42.5,-6,0,0
43,43,0,0,0,6,6,43,6,43,-6,0,0
43.5,43.5,0,0,0,6,6,43.5,6,43.5,-6,0,0
44,44,0,0,0,6,6,44,6,44,-6,0,0
44.5,44.5,0,0,0,6,6,44.5,6,44.5,-6,0,0
45,45,0,0,0,6,6,45,6,45,-6,0,0
45.5,45.5,0,0,0,6,6,45.5,6,45.5,-6,0,0
46,46,0,0,0,6,6,46,6,46,-6,0,0
46.5,46.5,0,0,0,6,6,46.5,6,46.5,-6,0,0
47,47,0,0,0,6,6,47,6,47,-6,0,0
47.5,47.5,0,0,0,6,6,47.5,6,47.5,-6,0,0
48,48,0,0,0,6,6,48,6,48,-6,0,0
48.5,48.5,0,0,0,6,6,48.5,6,48.5,-6,0,0
49,49,0,0,0,6,6,49,6,49,-6,0,0
49.5,49.5,0,0,0,6,6,49.5,6,49.5,-6,0,0
50,50,0,0,0,6,6,50,6,50,-6,0,0
50.5,50.5,0,0,0,6,6,50.5,6,50.5,-6,0,0
51,51,0,0,0,6,6,51,6,51,-6,0,0
51.5,51.5,0,0,0,6,6,51.5,6,51.5,-6,0,0
52,52,0,0,0,6,6,52,6,52,-6,0,0
52.5,52.5,0,0,0,6,6,52.5,6,52.5,-6,0,0
53,53,0,0,0,6,6,53,6,53,-6,0,0
53.5,53.5,0,0,0,6,6,53.5,6,53.5,-6,0,0
54,54,0,0,0,6,6,54,6,54,-6,0,0
54.5,54.5,0,0,0,6,6,54.5,6,54.5,-6,0,0
55,55,0,0,0,6,6,55,6,55,-6,0,0
55.5,55.5,0,0,0,6,6,55.5,6,55.5,-6,0,0
56,56,0,0,0,6,6,56,6,56,-6,0,0
56.5,56.5,0,0,0,6,6,56.5,6,56.5,-6,0,0
57,57,0,0,0,6,6,57,6,57,-6,0,0
57.5,57.5,0,0,0,6,6,57.5,6,57.5,-6,0,0
58,58,0,0,0,6,6,58,6,58,-6,0,0
58.5,58.5,0,0,0,6,6,58.5,6,58.5,-6,0,0
59,59,0,0,0,6,6,59,6,59,-6,0,0
59.5,59.5,0,0,0,6,6,59.5,6,59.5,-6,0,0
60,60,0,0,0,6,6,60,6,60,-6,0,0
60.5,60.5,0,0,0,6,6,60.5,6,60.5,-6,0,0
61,61,0,0,0,6,6,61,6,61,-6,0,0
61.5,61.5,0,0,0,6,6,61.5,6,61.5,-6,0,0
62,62,0,0,0,6,6,62,6,62,-6,0,0
62.5,62.5,0,0,0,6,6,62.5,6,62.5,-6,0,0
63,63,0,0,0,6,6,63,6,63,-6,0,0
63.5,63.5,0,0,0,6,6,63.5,6,63.5,-6,0,0
64,64,0,0,0,6,6,64,6,64,-6,0,0
64.5,64.5,0,0,0,6,6,64.5,6,64.5,-6,0,0
65,65,0,0,0,6,6,65,6,65,-6,0,0
65.5,65.5,0,0,0,6,6,65.5,6,65.5,-6,0,0
66,66,0,0,0,6,6,66,6,66,-6,0,0
66.5,66.5,0,0,0,6,6,66.5,6,66.5,-6,0,0
67,67,0,0,0,6,6,67,6,67,-6,0,0
67.5,67.5,0,0,0,6,6,67.5,6,67.5,-6,0,0
68,68,0,0,0,6,6,68,6,68,-6,0,0
68.5,68.5,0,0,0,6,6,68.5,6,68.5,-6,0,0
69,69,0,0,0,6,6,69,6,69,-6,0,0
69.5,69.5,0,0,0,6,6,69.5,6,69.5,-6,0,0
70,70,0,0,0,6,6,70,6,70,-6,0,0
70.5,70.5,0,0,0,6,6,70.5,6,70.5,-6,0,0
71,71,0,0,0,6,6,71,6,71,-6,0,0
71.5,71.5,0,0,0,6,6,71.5,6,71.5,-6,0,0
72,72,0,0,0,6,6,72,6,72,-6,0,0
72.5,72.5,0,0,0,6,6,72.5,6,72.5,-6,0,0
73,73,0,0,0,6,6,73,6,73,-6,0,0
73.5,73.5,0,0,0,6,6,73.5,6,73.5,-6,0,0
74,74,0,0,0,6,6,74,6,74,-6,0,0
74.5,74.5,0,0,0,6,6,74.5,6,74.5,-6,0,0
75,75,0,0,0,6,6,75,6,75,-6,0,0
75.5,75.5,0,0,0,6,6,75.5,6,75.5,-6,0,0
76,76,0,0,0,6,6,76,6,76,-6,0,0
76.5,76.5,0,0,0,6,6,76.5,6,76.5,-6,0,0
77,77,0,0,0,6,6,77,6,77,-6,0,0
77.5,77.5,0,0,0,6,6,77.5,6,77.5,-6,0,0
78,78,0,0,0,6,6,78,6,78,-6,0,0
78.5,78.5,0,0,0,6,6,78.5,6,78.5,-6,0,0
79,79,0,0,0,6,6,79,6,79,-6,0,0
79.5,79.5,0,0,0,6,6,79.5,6,79.5,-6,0,0
80,80,0,0,0,6,6,80,6,80,-6,0,0
80.5,80.5,0,0,0,6,6,80.5,6,80.5,-6,0,0
81,81,0,0,0,6,6,81,6,81,-6,0,0
81.5,81.5,0,0,0,6,6,81.5,6,81.5,-6,0,0
82,82,0,0,0,6,6,82,6,82,-6,0,0
82.5,82.5,0,0,0,6,6,82.5,6,82.5,-6,0,0
83,83,0,0,0,6,6,83,6,83,-6,0,0
83.5,83.5,0,0,0,6,6,83.5,6,83.5,-6,0,0
84,84,0,0,0,6,6,84,6,84,-6,0,0
84.5,84.5,0,0,0,6,6,84.5,6,84.5,-6,0,0
85,85,0,0,0,6,6,85,6,85,-6,0,0
85.5,85.5,0,0,0,6,6,85.5,6,85.5,-6,0,0
86,86,0,0,0,6,6,86,6,86,-6,0,0
86.5,86.5,0,0,0,6,6,86.5,6,86.5,-6,0,0
87,87,0,0,0,6,6,87,6,87,-6,0,0
87.5,87.5,0,0,0,6,6,87.5,6,87.5,-6,0,0
88,88,0,0,0,6,6,88,6,88,-6,0,0
88.5,88.5,0,0,0,6,6,88.5,6,88.5,-6,0,0
89,89,0,0,0,6,6,89,6,89,-6,0,0
89.5,89.5,0,0,0,6,6,89.5,6,89.5,-6,0,0
90,90,0,0,0,6,6,90,6,90,-6,0,0
90.5,90.5,0,0,0,6,6,90.5,6,90.5,-6,0,0
91,91,0,0,0,6,6,91,6,91,-6,0,0
91.5,91.5,0,0,0,6,6,91.5,6,91.5,-6,0,0
92,92,0,0,0,6,6,92,6,92,-6,0,0
92.5,92.5,0,0,0,6,6,92.5,6,92.5,-6,0,0
93,93,0,0,0,6,6,93,6,93,-6,0,0
93.5,93.5,0,0,0,6,6,93.5,6,93.5,-6,0,0
94,94,0,0,0,6,6,94,6,94,-6,0,0
94.5,94.5,0,0,0,6,6,94.5,6,94.5,-6,0,0
95,95,0,0,0,6,6,95,6,95,-6,0,0
95.5,95.5,0,0,0,6,6,95.5,6,95.5,-6,0,0
96,96,0,0,0,6,6,96,6,96,-6,0,0
96.5,96.5,0,0,0,6,6,96.5,6,96.5,-6,0,0
97,97,0,0,0,6,6,97,6,97,-6,0,0
97.5,97.5,0,0,0,6,6,97.5,6,97.5,-6,0,0
98,98,0,0,0,6,6,98,6,98,-6,0,0
98.5,98.5,0,0,0,6,6,98.5,6,98.5,-6,0,0
99,99,0,0,0,6,6,99,6,99,-6,0,0
99.5,99.5,0,0,0,6,6,99.5,6,99.5,-6,0,0
100,100,0,0,0,6,6,100,6,100,-6,0,0
100.5,100.5,0,0,0,6,6,100.5,6,100.5,-6,0,0
101,101,0,0,0,6,6,101,6,101,-6,0,0
101.5,101.5,0,0,0,6,6,101.5,6,101.5,-6,0,0
102,102,0,0,0,6,6,102,6,102,-6,0,0
102.5,102.5,0,0,0,6,6,102.5,6,102.5,-6,0,0
103,103,0,0,0,6,6,103,6,103,-6,0,0
103.5,103.5,0,0,0,6,6,103.5,6,103.5,-6,0,0
104,104,0,0,0,6,6,104,6,104,-6,0,0
104.5,104.5,0,0,0,6,6,104.5,6,104.5,-6,0,0
105,105,0,0,0,6,6,105,6,105,-6,0,0
105.5,105.5,0,0,0,6,6,105.5,6,105.5,-6,0,0
106,106,0,0,0,6,6,106,6,106,-6,0,0
106.5,106.5,0,0,0,6,6,106.5,6,106.5,-6,0,0
107,107,0,0,0,6,6,107,6,107,-6,0,0
107.5,107.5,0,0,0,6,6,107.5,6,107.5,-6,0,0
108,108,0,0,0,6,6,108,6,108,-6,0,0
108.5,108.5,0,0,0,6,6,108.5,6,108.5,-6,0,0
109,109,0,0,0,6,6,109,6,109,-6,0,0
109.5,109.5,0,0,0,6,6,109.5,6,109.5,-6,0,0
110,110,0,0,0,6,6,110,6,110,-6,0,0
110.5,110.5,0,0,0,6,6,110.5,6,110.5,-6,0,0
111,111,0,0,0,6,6,111,6,111,-6,0,0
111.5,111.5,0,0,0,6,6,111.5,6,111.5,-6,0,0
112,112,0,0,0,6,6,112,6,112,-6,0,0
112.5,112.5,0,0,0,6,6,112.5,6,112.5,-6,0,0
113,113,0,0,0,6,6,113,6,113,-6,0,0
113.5,113.5,0,0,0,6,6,113.5,6,113.5,-6,0,0
114,114,0,0,0,6,6,114,6,114,-6,0,0
114.5,114.5,0,0,0,6,6,114.5,6,114.5,-6,0,0
115,115,0,0,0,6,6,115,6,115,-6,0,0
115.5,115.5,0,0,0,6,6,115.5,6,115.5,-6,0,0
116,116,0,0,0,6,6,116,6,116,-6,0,0
116.5,116.5,0,0,0,6,6,116.5,6,116.5,-6,0,0
117,117,0,0,0,6,6,117,6,117,-6,0,0
117.5,117.5,0,0,0,6,6,117.5,6,117.5,-6,0,0
118,118,0,0,0,6,6,118,6,118,-6,0,0
118.5,118.5,0,0,0,6,6,118.5,6,118.5,-6,0,0
119,119,0,0,0,6,6,119,6,119,-6,0,0
119.5,119.5,0,0,0,6,6,119.5,6,119.5,-6,0,0
120,120,0,0,0,6,6,120,6,120,-6,0,0
120.5,120.5,0,0,0,6,6,120.5,6,120.5,-6,0,0
121,121,0,0,0,6,6,121,6,121,-6,0,0
121.5,121.5,0,0,0,6,6,121.5,6,121.5,-6,0,0
122,122,0,0,0,6,6,122,6,122,-6,0,0
122.5,122.5,0,0,0,6,6,122.5,6,122.5,-6,0,0
123,123,0,0,0,6,6,123,6,123,-6,0,0
123.5,123.5,0,0,0,6,6,123.5,6,123.5,-6,0,0
124,124,0,0,0,6,6,124,6,124,-6,0,0
124.5,124.5,0,0,0,6,6,124.5,6,124.5,-6,0,0
125,125,0,0,0,6,6,125,6,125,-6,0,0
125.5,125.5,0,0,0,6,6,125.5,6,125.5,-6,0,0
126,126,0,0,0,6,6,126,6,126,-6,0,0
126.5,126.5,0,0,0,6,6,126.5,6,126.5,-6,0,0
127,127,0,0,0,6,6,127,6,127,-6,0,0
127.5,127.5,0,0,0,6,6,127.5,6,127.5,-6,0,0
128,128,0,0,0,6,6,128,6,128,-6,0,0
128.5,128.5,0,0,0,6,6,128.5,6,128.5,-6,0,0
129,129,0,0,0,6,6,129,6,129,-6,0,0
129.5,129.5,0,0,0,6,6,129.5,6,129.5,-6,0,0
130,130,0,0,0,6,6,130,6,130,-6,0,0
130.5,130.5,0,0,0,6,6,130.5,6,130.5,-6,0,0
131,131,0,0,0,6,6,131,6,131,-6,0,0
131.5,131.5,0,0,0,6,6,131.5,6,131.5,-6,0,0
132,132,0,0,0,6,6,132,6,132,-6,0,0
132.5,132.5,0,0,0,6,6,132.5,6,132.5,-6,0,0
133,133,0,0,0,6,6,133,6,133,-6,0,0
133.5,133.5,0,0,0,6,6,133.5,6,133.5,-6,0,0
134,134,0,0,0,6,6,134,6,134,-6,0,0
134.5,134.5,0,0,0,6,6,134.5,6,134.5,-6,0,0
135,135,0,0,0,6,6,135,6,135,-6,0,0
135.5,135.5,0,0,0,6,6,135.5,6,135.5,-6,0,0
136,136,0,0,0,6,6,136,6,136,-6,0,0
136.5,136.5,0,0,0,6,6,136.5,6,136.5,-6,0,0
137,137,0,0,0,6,6,137,6,137,-6,0,0
137.5,137.5,0,0,0,6,6,137.5,6,137.5,-6,0,0
138,138,0,0,0,6,6,138,6,138,-6,0,0
138.5,138.5,0,0,0,6,6,138.5,6,138.5,-6,0,0
139,139,0,0,0,6,6,139,6,139,-6,0,0
139.5,139.5,0,0,0,6,6,139.5,6,139.5,-6,0,0
140,140,0,0,0,6,6,140,6,140,-6,0,0
140.5,140.5,0,0,0,6,6,140.5,6,140.5,-6,0,0
141,141,0,0,0,6,6,141,6,141,-6,0,0
141.5,141.5,0,0,0,6,6,141.5,6,141.5,-6,0,0
142,142,0,0,0,6,6,142,6,142,-6,0,0
142.5,142.5,0,0,0,6,6,142.5,6,142.5,-6,0,0
143,143,0,0,0,6,6,143,6,143,-6,0,0
143.5,143.5,0,0,0,6,6,143.5,6,143.5,-6,0,0
144,144,0,0,0,6,6,144,6,144,-6,0,0
144.5,144.5,0,0,0,6,6,144.5,6,144.5,-6,0,0
145,145,0,0,0,6,6,145,6,145,-6,0,0
145.5,145.5,0,0,0,6,6,145.5,6,145.5,-6,0,0
146,146,0,0,0,6,6,146,6,146,-6,0,0
146.5,146.5,0,0,0,6,6,146.5,6,146.5,-6,0,0
147,147,0,0,0,6,6,147,6,147,-6,0,0
147.5,147.5,0,0,0,6,6,147.5,6,147.5,-6,0,0
148,148,0,0,0,6,6,148,6,148,-6,0,0
148.5,148.5,0,0,0,6,6,148.5,6,148.5,-6,0,0
149,149,0,0,0,6,6,149,6,149,-6,0,0
149.5,149.5,0,0,0,6,6,149.5,6,149.5,-6,0,0
150,150,0,0,0,6,6,150,6,150,-6,0,0
150.5,150.5,0,0,0,6,6,150.5,6,150.5,-6,0,0
151,151,0,0,0,6,6,151,6,151,-6,0,0
151.5,151.5,0,0,0,6,6,151.5,6,151.5,-6,0,0
152,152,0,0,0,6,6,152,6,152,-6,0,0
152.5,152.5,0,0,0,6,6,152.5,6,152.5,-6,0,0
153,153,0,0,0,6,6,153,6,153,-6,0,0
153.5,153.5,0,0,0,6,6,153.5,6,153.5,-6,0,0
154,154,0,0,0,6,6,154,6,154,-6,0,0
154.5,154.5,0,0,0,6,6,154.5,6,154.5,-6,0,0
155,155,0,0,0,6,6,155,6,155,-6,0,0
155.5,155.5,0,0,0,6,6,155.5,6,155.5,-6,0,0
156,156,0,0,0,6,6,156,6,156,-6,0,0
156.5,156.5,0,0,0,6,6,156.5,6,156.5,-6,0,0
157,157,0,0,0,6,6,157,6,157,-6,0,0
157.5,157.5,0,0,0,6,6,157.5,6,157.5,-6,0,0
158,158,0,0,0,6,6,158,6,158,-6,0,0
158.5,158.5,0,0,0,6,6,158.5,6,158.5,-6,0,0
159,159,0,0,0,6,6,159,6,159,-6,0,0
159.5,159.5,0,0,0,6,6,159.5,6,159.5,-6,0,0
160,160,0,0,0,6,6,160,6,160,-6,0,0
160.5,160.5,0,0,0,6,6,160.5,6,160.5,-6,0,0
161,161,0,0,0,6,6,161,6,161,-6,0,0
161.5,161.5,0,0,0,6,6,161.5,6,161.5,-6,0,0
162,162,0,0,0,6,6,162,6,162,-6,0,0
162.5,162.5,0,0,0,6,6,162.5,6,162.5,-6,0,0
163,163,0,0,0,6,6,163,6,163,-6,0,0
163.5,163.5,0,0,0,6,6,163.5,6,163.5,-6,0,0
164,164,0,0,0,6,6,164,6,164,-6,0,0
164.5,164.5,0,0,0,6,6,164.5,6,164.5,-6,0,0
165,165,0,0,0,6,6,165,6,165,-6,0,0
165.5,165.5,0,0,0,6,6,165.5,6,165.5,-6,0,0
166,166,0,0,0,6,6,166,6,166,-6,0,0
166.5,166.5,0,0,0,6,6,166.5,6,166.5,-6,0,0
167,167,0,0,0,6,6,167,6,167,-6,0,0
167.5,167.5,0,0,0,6,6,167.5,6,167.5,-6,0,0
168,168,0,0,0,6,6,168,6,168,-6,0,0
168.5,168.5,0,0,0,6,6,168.5,6,168.5,-6,0,0
169,169,0,0,0,6,6,169,6,169,-6,0,0
169.5,169.5,0,0,0,6,6,169.5,6,169.5,-6,0,0
170,170,0,0,0,6,6,170,6,170,-6,0,0
170.5,170.5,0,0,0,6,6,170.5,6,170.5,-6,0,0
171,171,0,0,0,6,6,171,6,171,-6,0,0
171.5,171.5,0,0,0,6,6,171.5,6,171.5,-6,0,0
172,172,0,0,0,6,6,172,6,172,-6,0,0
172.5,172.5,0,0,0,6,6,172.5,6,172.5,-6,0,0
173,173,0,0,0,6,6,173,6,173,-6,0,0
173.5,173.5,0,0,0,6,6,173.5,6,173.5,-6,0,0
174,174,0,0,0,6,6,174,6,174,-6,0,0
174.5,174.5,0,0,0,6,6,174.5,6,174.5,-6,0,0
175,175,0,0,0,6,6,175,6,175,-6,0,0
175.5,175.5,0,0,0,6,6,175.5,6,175.5,-6,0,0
176,176,0,0,0,6,6,176,6,176,-6,0,0
176.5,176.5,0,0,0,6,6,176.5,6,176.5,-6,0,0
177,177,0,0,0,6,6,177,6,177,-6,0,0
177.5,177.5,0,0,0,6,6,177.5,6,177.5,-6,0,0
178,178,0,0,0,6,6,178,6,178,-6,0,0
178.5,178.5,0,0,0,6,6,178.5,6,178.5,-6,0,0
179,179,0,0,0,6,6,179,6,179,-6,0,0
179.5,179.5,0,0,0,6,6,179.5,6,179.5,-6,0,0
180,180,0,0,0,6,6,180,6,180,-6,0,0
180.5,180.5,0,0,0,6,6,180.5,6,180.5,-6,0,0
181,181,0,0,0,6,6,181,6,181,-6,0,0
181.5,181.5,0,0,0,6,6,181.5,6,181.5,-6,0,0
182,182,0,0,0,6,6,182,6,182,-6,0,0
182.5,182.5,0,0,0,6,6,182.5,6,182.5,-6,0,0
183,183,0,0,0,6,6,183,6,183,-6,0,0
183.5,183.5,0,0,0,6,6,183.5,6,183.5,-6,0,0
184,184,0,0,0,6,6,184,6,184,-6,0,0
184.5,184.5,0,0,0,6,6,184.5,6,184.5,-6,0,0
185,185,0,0,0,6,6,185,6,185,-6,0,0
185.5,185.5,0,0,0,6,6,185.5,6,185.5,-6,0,0
186,186,0,0,0,6,6,186,6,186,-6,0,0
186.5,186.5,0,0,0,6,6,186.5,6,186.5,-6,0,0
187,187,0,0,0,6,6,187,6,187,-6,0,0
187.5,187.5,0,0,0,6,6,187.5,6,187.5,-6,0,0
188,188,0,0,0,6,6,188,6,188,-6,0,0
188.5,188.5,0,0,0,6,6,188.5,6,188.5,-6,0,0
189,189,0,0,0,6,6,189,6,189,-6,0,0
189.5,189.5,0,0,0,6,6,189.5,6,189.5,-6,0,0
190,190,0,0,0,6,6,190,6,190,-6,0,0
190.5,190.5,0,0,0,6,6,190.5,6,190.5,-6,0,0
191,191,0,0,0,6,6,191,6,191,-6,0,0
191.5,191.5,0,0,0,6,6,191.5,6,191.5,-6,0,0
192,192,0,0,0,6,6,192,6,192,-6,0,0
192.5,192.5,0,0,0,6,6,192.5,6,192.5,-6,0,0
193,193,0,0,0,6,6,193,6,193,-6,0,0
193.5,193.5,0,0,0,6,6,193.5,6,193.5,-6,0,0
194,194,0,0,0,6,6,194,6,194,-6,0,0
194.5,194.5,0,0,0,6,6,194.5,6,194.5,-6,0,0
195,195,0,0,0,6,6,195,6,195,-6,0,0
195.5,195.5,0,0,0,6,6,195.5,6,195.5,-6,0,0
196,196,0,0,0,6,6,196,6,196,-6,0,0
196.5,196.5,0,0,0,6,6,196.5,6,196.5,-6,0,0
197,197,0,0,0,6,6,197,6,197,-6,0,0
197.5,197.5,0,0,0,6,6,197.5,6,197.5,-6,0,0
198,198,0,0,0,6,6,198,6,198,-6,0,0
198.5,198.5,0,0,0,6,6,198.5,6,198.5,-6,0,0
199,199,0,0,0,6,6,199,6,199,-6,0,0
199.5,199.5,0,0,0,6,6,199.5,6,199.5,-6,0,0
200,200,0,0,0,6,6,200,6,200,-6,0,0
200.5,200.5,0,0,0,6,6,200.5,6,200.5,-6,0,0
201,201,0,0,0,6,6,201,6,201,-6,0,0
201.5,201.5,0,0,0,6,6,201.5,6,201.5,-6,0,0
202,202,0,0,0,6,6,202,6,202,-6,0,0
202.5,202.5,0,0,0,6,6,202.5,6,202.5,-6,0,0
203,203,0,0,0,6,6,203,6,203,-6,0,0
203.5,203.5,0,0,0,6,6,203.5,6,203.5,-6,0,0
204,204,0,0,0,6,6,204,6,204,-6,0,0
204.5,204.5,0,0,0,6,6,204.5,6,204.5,-6,0,0
205,205,0,0,0,6,6,205,6,205,-6,0,0
205.5,205.5,0,0,0,6,6,205.5,6,205.5,-6,0,0
206,206,0,0,0,6,6,206,6,206,-6,0,0
206.5,206.5,0,0,0,6,6,206.5,6,206.5,-6,0,0
207,207,0,0,0,6,6,207,6,207,-6,0,0
207.5,207.5,0,0,0,6,6,207.5,6,207.5,-6,0,0
208,208,0,0,0,6,6,208,6,208,-6,0,0
208.5,208.5,0,0,0,6,6,208.5,6,208.5,-6,0,0
209,209,0,0,0,6,6,209,6,209,-6,0,0
209.5,209.5,0,0,0,6,6,209.5,6,209.5,-6,0,0
210,210,0,0,0,6,6,210,6,210,-6,0,0
210.5,210.5,0,0,0,6,6,210.5,6,210.5,-6,0,0
211,211,0,0,0,6,6,211,6,211,-6,0,0
211.5,211.5,0,0,0,6,6,211.5,6,211.5,-6,0,0
212,212,0,0,0,6,6,212,6,212,-6,0,0
212.5,212.5,0,0,0,6,6,212.5,6,212.5,-6,0,0
213,213,0,0,0,6,6,213,6,213,-6,0,0
213.5,213.5,0,0,0,6,6,213.5,6,213.5,-6,0,0
214,214,0,0,0,6,6,214,6,214,-6,0,0
214.5,214.5,0,0,0,6,6,214.5,6,214.5,-6,0,0
215,215,0,0,0,6,6,215,6,215,-6,0,0
215.5,215.5,0,0,0,6,6,215.5,6,215.5,-6,0,0
216,216,0,0,0,6,6,216,6,216,-6,0,0
216.5,216.5,0,0,0,6,6,216.5,6,216.5,-6,0,0
217,217,0,0,0,6,6,217,6,217,-6,0,0
217.5,217.5,0,0,0,6,6,217.5,6,217.5,-6,0,0
218,218,0,0,0,6,6,218,6,218,-6,0,0
218.5,218.5,0,0,0,6,6,218.5,6,218.5,-6,0,0
219,219,0,0,0,6,6,219,6,219,-6,0,0
219.5,219.5,0,0,0,6,6,219.5,6,219.5,-6,0,0
220,220,0,0,0,6,6,220,6,220,-6,0,0
220.5,220.5,0,0,0,6,6,220.5,6,220.5,-6,0,0
221,221,0,0,0,6,6,221,6,221,-6,0,0
221.5,221.5,0,0,0,6,6,221.5,6,221.5,-6,0,0
222,222,0,0,0,6,6,222,6,222,-6,0,0
222.5,222.5,0,0,0,6,6,222.5,6,222.5,-6,0,0
223,223,0,0,0,6,6,223,6,223,-6,0,0
223.5,223.5,0,0,0,6,6,223.5,6,223.5,-6,0,0
224,224,0,0,0,6,6,224,6,224,-6,0,0
224.5,224.5,0,0,0,6,6,224.5,6,224.5,-6,0,0
225,225,0,0,0,6,6,225,6,225,-6,0,0
225.5,225.5,0,0,0,6,6,225.5,6,225.5,-6,0,0
226,226,0,0,0,6,6,226,6,226,-6,0,0
226.5,226.5,0,0,0,6,6,226.5,6,226.5,-6,0,0
227,227,0,0,0,6,6,227,6,227,-6,0,0
227.5,227.5,0,0,0,6,6,227.5,6,227.5,-6,0,0
228,228,0,0,0,6,6,228,6,228,-6,0,0
228.5,228.5,0,0,0,6,6,228.5,6,228.5,-6,0,0
229,229,0,0,0,6,6,229,6,229,-6,0,0
229.5,229.5,0,0,0,6,6,229.5,6,229.5,-6,0,0
230,230,0,0,0,6,6,230,6,230,-6,0,0
230.5,230.5,0,0,0,6,6,230.5,6,230.5,-6,0,0
231,231,0,0,0,6,6,231,6,231,-6,0,0
231.5,231.5,0,0,0,6,6,231.5,6,231.5,-6,0,0
232,232,0,0,0,6,6,232,6,232,-6,0,0
232.5,232.5,0,0,0,6,6,232.5,6,232.5,-6,0,0
233,233,0,0,0,6,6,233,6,233,-6,0,0
233.5,233.5,0,0,0,6,6,233.5,6,233.5,-6,0,0
234,234,0,0,0,6,6,234,6,234,-6,0,0
234.5,234.5,0,0,0,6,6,234.5,6,234.5,-6,0,0
235,235,0,0,0,6,6,235,6,235,-6,0,0
235.5,235.5,0,0,0,6,6,235.5,6,235.5,-6,0,0
236,236,0,0,0,6,6,236,6,236,-6,0,0
236.5,236.5,0,0,0,6,6,236.5,6,236.5,-6,0,0
237,237,0,0,0,6,6,237,6,237,-6,0,0
237.5,237.5,0,0,0,6,6,237.5,6,237.5,-6,0,0
238,238,0,0,0,6,6,238,6,238,-6,0,0
238.5,238.5,0,0,0,6,6,238.5,6,238.5,-6,0,0
239,239,0,0,0,6,6,239,6,239,-6,0,0
239.5,239.5,0,0,0,6,6,239.5,6,239.5,-6,0,0
240,240,0,0,0,6,6,240,6,240,-6,0,0
240.5,240.5,0,0,0,6,6,240.5,6,240.5,-6,0,0
241,241,0,0,0,6,6,241,6,241,-6,0,0
241.5,241.5,0,0,0,6,6,241.5,6,241.5,-6,0,0
242,242,0,0,0,6,6,242,6,242,-6,0,0
242.5,242.5,0,0,0,6,6,242.5,6,242.5,-6,0,0
243,243,0,0,0,6,6,243,6,243,-6,0,0
243.5,243.5,0,0,0,6,6,243.5,6,243.5,-6,0,0
244,244,0,0,0,6,6,244,6,244,-6,0,0
244.5,244.5,0,0,0,6,6,244.5,6,244.5,-6,0,0
245,245,0,0,0,6,6,245,6,245,-6,0,0
245.5,245.5,0,0,0,6,6,245.5,6,245.5,-6,0,0
246,246,0,0,0,6,6,246,6,246,-6,0,0
246.5,246.5,0,0,0,6,6,246.5,6,246.5,-6,0,0
247,247,0,0,0,6,6,247,6,247,-6,0,0
247.5,247.5,0,0,0,6,6,247.5,6,247.5,-6,0,0
248,248,0,0,0,6,6,248,6,248,-6,0,0
248.5,248.5,0,0,0,6,6,248.5,6,248.5,-6,0,0
249,249,0,0,0,6,6,249,6,249,-6,0,0
249.5,249.5,0,0,0,6,6,249.5,6,249.5,-6,0,0
250,250,0,0,0,6,6,250,6,250,-6,0,0
250.5,250.5,0,0,0,6,6,250.5,6,250.5,-6,0,0
251,251,0,0,0,6,6,251,6,251,-6,0,0
251.5,251.5,0,0,0,6,6,251.5,6,251.5,-6,0,0
252,252,0,0,0,6,6,252,6,252,-6,0,0
252.5,252.5,0,0,0,6,6,252.5,6,252.5,-6,0,0
253,253,0,0,0,6,6,253,6,253,-6,0,0
253.5,253.5,0,0,0,6,6,253.5,6,253.5,-6,0,0
254,254,0,0,0,6,6,254,6,254,-6,0,0
254.5,254.5,0,0,0,6,6,254.5,6,254.5,-6,0,0
255,255,0,0,0,6,6,255,6,255,-6,0,0
255.5,255.5,0,0,0,6,6,255.5,6,255.5,-6,0,0
256,256,0,0,0,6,6,256,6,256,-6,0,0
256.5,256.5,0,0,0,6,6,256.5,6,256.5,-6,0,0
257,257,0,0,0,6,6,257,6,257,-6,0,0
257.5,257.5,0,0,0,6,6,257.5,6,257.5,-6,0,0
258,258,0,0,0,6,6,258,6,258,-6,0,0
258.5,258.5,0,0,0,6,6,258.5,6,258.5,-6,0,0
259,259,0,0,0,6,6,259,6,259,-6,0,0
259.5,259.5,0,0,0,6,6,259.5,6,259.5,-6,0,0
260,260,0,0,0,6,6,260,6,260,-6,0,0
260.5,260.5,0,0,0,6,6,260.5,6,260.5,-6,0,0
261,261,0,0,0,6,6,261,6,261,-6,0,0
261.5,261.5,0,0,0,6,6,261.5,6,261.5,-6,0,0
262,262,0,0,0,6,6,262,6,262,-6,0,0
262.5,262.5,0,0,0,6,6,262.5,6,262.5,-6,0,0
263,263,0,0,0,6,6,263,6,263,-6,0,0
263.5,263.5,0,0,0,6,6,263.5,6,263.5,-6,0,0
264,264,0,0,0,6,6,264,6,264,-6,0,0
264.5,264.5,0,0,0,6,6,264.5,6,264.5,-6,0,0
265,265,0,0,0,6,6,265,6,265,-6,0,0
265.5,265.5,0,0,0,6,6,265.5,6,265.5,-6,0,0
266,266,0,0,0,6,6,266,6,266,-6,0,0
266.5,266.5,0,0,0,6,6,266.5,6,266.5,-6,0,0
267,267,0,0,0,6,6,267,6,267,-6,0,0
267.5,267.5,0,0,0,6,6,267.5,6,267.5,-6,0,0
268,268,0,0,0,6,6,268,6,268,-6,0,0
268.5,268.5,0,0,0,6,6,268.5,6,268.5,-6,0,0
269,269,0,0,0,6,6,269,6,269,-6,0,0
269.5,269.5,0,0,0,6,6,269.5,6,269.5,-6,0,0
270,270,0,0,0,6,6,270,6,270,-6,0,0
270.5,270.5,0,0,0,6,6,270.5,6,270.5,-6,0,0
271,271,0,0,0,6,6,271,6,271,-6,0,0
271.5,271.5,0,0,0,6,6,271.5,6,271.5,-6,0,0
272,272,0,0,0,6,6,272,6,272,-6,0,0
272.5,272.5,0,0,0,6,6,272.5,6,272.5,-6,0,0
273,273,0,0,0,6,6,273,6,273,-6,0,0
273.5,273.5,0,0,0,6,6,273.5,6,273.5,-6,0,0
274,274,0,0,0,6,6,274,6,274,-6,0,0
274.5,274.5,0,0,0,6,6,274.5,6,274.5,-6,0,0
275,275,0,0,0,6,6,275,6,275,-6,0,0
275.5,275.5,0,0,0,6,6,275.5,6,275.5,-6,0,0
276,276,0,0,0,6,6,276,6,276,-6,0,0
276.5,276.5,0,0,0,6,6,276.5,6,276.5,-6,0,0
277,277,0,0,0,6,6,277,6,277,-6,0,0
277.5,277.5,0,0,0,6,6,277.5,6,277.5,-6,0,0
278,278,0,0,0,6,6,278,6,278,-6,0,0
278.5,278.5,0,0,0,6,6,278.5,6,278.5,-6,0,0
279,279,0,0,0,6,6,279,6,279,-6,0,0
279.5,279.5,0,0,0,6,6,279.5,6,279.5,-6,0,0
280,280,0,0,0,6,6,280,6,280,-6,0,0
280.5,280.5,0,0,0,6,6,280.5,6,280.5,-6,0,0
281,281,0,0,0,6,6,281,6,281,-6,0,0
281.5,281.5,0,0,0,6,6,281.5,6,281.5,-6,0,0
282,282,0,0,0,6,6,282,6,282,-6,0,0
282.5,282.5,0,0,0,6,6,282.5,6,282.5,-6,0,0
283,283,0,0,0,6,6,283,6,283,-6,0,0
283.5,283.5,0,0,0,6,6,283.5,6,283.5,-6,0,0
284,284,0,0,0,6,6,284,6,284,-6,0,0
284.5,284.5,0,0,0,6,6,284.5,6,284.5,-6,0,0
285,285,0,0,0,6,6,285,6,285,-6,0,0
285.5,285.5,0,0,0,6,6,285.5,6,285.5,-6,0,0
286,286,0,0,0,6,6,286,6,286,-6,0,0
286.5,286.5,0,0,0,6,6,286.5,6,286.5,-6,0,0
287,287,0,0,0,6,6,287,6,287,-6,0,0
287.5,287.5,0,0,0,6,6,287.5,6,287.5,-6,0,0
288,288,0,0,0,6,6,288,6,288,-6,0,0
288.5,288.5,0,0,0,6,6,288.5,6,288.5,-6,0,0
289,289,0,0,0,6,6,289,6,289,-6,0,0
289.5,289.5,0,0,0,6,6,289.5,6,289.5,-6,0,0
290,290,0,0,0,6,6,290,6,290,-6,0,0
290.5,290.5,0,0,0,6,6,290.5,6,290.5,-6,0,0
291,291,0,0,0,6,6,291,6,291,-6,0,0
291.5,291.5,0,0,0,6,6,291.5,6,291.5,-6,0,0
292,292,0,0,0,6,6,292,6,292,-6,0,0
292.5,292.5,0,0,0,6,6,292.5,6,292.5,-6,0,0
293,293,0,0,0,6,6,293,6,293,-6,0,0
293.5,293.5,0,0,0,6,6,293.5,6,293.5,-6,0,0
294,294,0,0,0,6,6,294,6,294,-6,0,0
294.5,294.5,0,0,0,6,6,294.5,6,294.5,-6,0,0
295,295,0,0,0,6,6,295,6,295,-6,0,0
295.5,295.5,0,0,0,6,6,295.5,6,295.5,-6,0,0
296,296,0,0,0,6,6,296,6,296,-6,0,0
296.5,296.5,0,0,0,6,6,296.5,6,296.5,-6,0,0
297,297,0,0,0,6,6,297,6,297,-6,0,0
297.5,297.5,0,0,0,6,6,297.5,6,297.5,-6,0,0
298,298,0,0,0,6,6,298,6,298,-6,0,0
298.5,298.5,0,0,0,6,6,298.5,6,298.5,-6,0,0
299,299,0,0,0,6,6,299,6,299,-6,0,0
299.5,299.5,0,0,0,6,6,299.5,6,299.5,-6,0,0
300,300,0,0,0,6,6,300,6,300,-6,0,0
